lat,lng,time
31.286367,121.509956,1434766210
31.286369,121.510056,1434766210
31.286381,121.510162,1434766210
31.286394,121.510277,1434766210
31.286396,121.510414,1434766210
31.286413,121.510574,1434766210
31.28643,121.510696,1434766210
31.286453,121.510826,1434766210
31.286493,121.510963,1434766210
31.286526,121.511093,1434766210
31.286566,121.511253,1434766210
31.286606,121.511398,1434766210
31.286646,121.511536,1434766210
31.286686,121.511703,1434766210
31.286716,121.511864,1434766210
31.286747,121.512039,1434766210
31.286779,121.512199,1434766210
31.286814,121.512375,1434766210
31.286854,121.51255,1434766210
31.2869,121.512718,1434766210
31.286936,121.512878,1434766210
31.286974,121.513054,1434766210
31.287014,121.513199,1434766210
31.28705,121.513359,1434766210
31.287094,121.513504,1434766210
31.287134,121.513664,1434766210
31.287174,121.513824,1434766210
31.287216,121.513985,1434766210
31.287247,121.51413,1434766210
31.287313,121.514412,1434766210
31.287357,121.514549,1434766210
31.287386,121.514679,1434766210
31.287439,121.514977,1434766210
31.287466,121.515137,1434766210
31.287497,121.515297,1434766210
31.287533,121.515442,1434766210
31.28756,121.515572,1434766210
31.28758,121.515747,1434766210
31.287613,121.515923,1434766210
31.287647,121.516068,1434766210
31.28768,121.516212,1434766210
31.287703,121.516373,1434766210
31.287741,121.51651,1434766210
31.28776,121.51664,1434766210
31.287783,121.516731,1434766210
31.287781,121.5168,1434766210
31.287773,121.516876,1434766210
31.287754,121.51696,1434766210
31.287687,121.517067,1434766210
31.287653,121.517189,1434766210
31.287607,121.517319,1434766210
31.287586,121.51741,1434766210
31.28756,121.517494,1434766210
31.287533,121.51757,1434766210
31.287519,121.517654,1434766210
31.287474,121.517723,1434766210
31.287399,121.517761,1434766210
31.287306,121.517815,1434766210
31.287207,121.517868,1434766210
31.287107,121.517921,1434766210
31.287001,121.517975,1434766210
31.286882,121.518013,1434766210
31.28676,121.518082,1434766210
31.286627,121.51812,1434766210
31.286503,121.518158,1434766210
31.286369,121.518227,1434766210
31.28623,121.518295,1434766210
31.2861,121.518356,1434766210
31.285959,121.51841,1434766210
31.28582,121.518478,1434766210
31.285681,121.518547,1434766210
31.28553,121.5186,1434766210
31.285393,121.518669,1434766210
31.285259,121.518707,1434766210
31.285139,121.518776,1434766210
31.285027,121.518814,1434766210
31.284903,121.518852,1434766210
31.284771,121.518906,1434766210
31.284647,121.518959,1434766210
31.284523,121.519043,1434766210
31.284397,121.519096,1434766210
31.28426,121.51915,1434766210
31.284121,121.519241,1434766210
31.283974,121.51931,1434766210
31.28384,121.519348,1434766210
31.283699,121.519417,1434766210
31.283573,121.519478,1434766210
31.283453,121.519531,1434766210
31.283333,121.519615,1434766210
31.283211,121.519676,1434766210
31.283079,121.519745,1434766210
31.282953,121.519814,1434766210
31.282827,121.51989,1434766210
31.282707,121.519958,1434766210
31.282579,121.519997,1434766210
31.28244,121.520065,1434766210
31.282314,121.520134,1434766210
31.282183,121.520172,1434766210
31.282053,121.520241,1434766210
31.281937,121.520294,1434766210
31.281826,121.520348,1434766210
31.281719,121.520401,1434766210
31.281603,121.520454,1434766210
31.281347,121.520576,1434766210
31.281223,121.52063,1434766210
31.281099,121.520683,1434766210
31.280973,121.520737,1434766210
31.28084,121.52079,1434766210
31.280703,121.520844,1434766210
31.28056,121.520905,1434766210
31.28042,121.520973,1434766210
31.28027,121.521057,1434766210
31.280121,121.521118,1434766210
31.279966,121.521202,1434766210
31.279818,121.521294,1434766210
31.279673,121.521362,1434766210
31.279526,121.521469,1434766210
31.279383,121.521561,1434766210
31.27924,121.521683,1434766210
31.279093,121.521797,1434766210
31.278946,121.52195,1434766210
31.278812,121.522079,1434766210
31.27869,121.522202,1434766210
31.278561,121.522346,1434766210
31.278431,121.522507,1434766210
31.278313,121.522667,1434766210
31.2782,121.522812,1434766210
31.278084,121.522949,1434766210
31.277964,121.523094,1434766210
31.27784,121.523239,1434766210
31.277719,121.523376,1434766210
31.277599,121.523521,1434766210
31.277479,121.523666,1434766210
31.277367,121.523811,1434766210
31.277243,121.523956,1434766210
31.277126,121.524094,1434766210
31.277014,121.524239,1434766210
31.276899,121.524384,1434766210
31.276787,121.524536,1434766210
31.276674,121.524666,1434766210
31.27656,121.524811,1434766210
31.276443,121.524963,1434766210
31.276329,121.525093,1434766210
31.276213,121.525253,1434766210
31.2761,121.525383,1434766210
31.27598,121.525505,1434766210
31.275867,121.52565,1434766210
31.275753,121.525803,1434766210
31.275627,121.525917,1434766210
31.27549,121.526039,1434766210
31.27536,121.526161,1434766210
31.275227,121.526268,1434766210
31.275093,121.52639,1434766210
31.27496,121.526505,1434766210
31.274824,121.526627,1434766210
31.274687,121.526733,1434766210
31.274548,121.526825,1434766210
31.274401,121.526947,1434766210
31.27426,121.527054,1434766210
31.274113,121.527145,1434766210
31.273973,121.527237,1434766210
31.273827,121.527336,1434766210
31.273693,121.527428,1434766210
31.27354,121.527504,1434766210
31.273386,121.527611,1434766210
31.273239,121.52771,1434766210
31.273087,121.527802,1434766210
31.27293,121.527908,1434766210
31.272779,121.528,1434766210
31.272627,121.528091,1434766210
31.272467,121.528175,1434766210
31.272314,121.528282,1434766210
31.27216,121.528389,1434766210
31.272003,121.528481,1434766210
31.271847,121.528587,1434766210
31.271687,121.528679,1434766210
31.271534,121.528786,1434766210
31.271366,121.528877,1434766210
31.271206,121.528984,1434766210
31.271053,121.529106,1434766210
31.270741,121.529335,1434766210
31.270594,121.529457,1434766210
31.270439,121.529556,1434766210
31.270281,121.529663,1434766210
31.270126,121.52977,1434766210
31.269987,121.529892,1434766210
31.269833,121.530014,1434766210
31.269684,121.530136,1434766210
31.269541,121.530228,1434766210
31.269394,121.53035,1434766210
31.26926,121.530441,1434766210
31.269117,121.530563,1434766210
31.268972,121.53067,1434766210
31.26882,121.530785,1434766210
31.268673,121.530884,1434766210
31.268526,121.530983,1434766210
31.268387,121.53109,1434766210
31.268253,121.531212,1434766210
31.268116,121.531319,1434766210
31.267982,121.53141,1434766210
31.267853,121.531517,1434766210
31.267719,121.531616,1434766210
31.267593,121.531723,1434766210
31.26746,121.531799,1434766210
31.267326,121.531883,1434766210
31.267193,121.531975,1434766210
31.267067,121.532051,1434766210
31.266933,121.532135,1434766210
31.266821,121.532211,1434766210
31.266714,121.532303,1434766210
31.266607,121.53241,1434766210
31.266474,121.532509,1434766210
31.266346,121.532585,1434766210
31.266226,121.532677,1434766210
31.266108,121.532776,1434766210
31.265974,121.532852,1434766210
31.265846,121.532944,1434766210
31.265717,121.533051,1434766210
31.265593,121.53315,1434766210
31.265467,121.533241,1434766210
31.265341,121.533318,1434766210
31.265194,121.533417,1434766210
31.265053,121.533493,1434766210
31.264914,121.533577,1434766210
31.264772,121.533653,1434766210
31.264641,121.533745,1434766210
31.264507,121.533836,1434766210
31.26438,121.53392,1434766210
31.264267,121.533997,1434766210
31.264133,121.534081,1434766210
31.264008,121.534157,1434766210
31.263874,121.534241,1434766210
31.263741,121.534309,1434766210
31.263613,121.534401,1434766210
31.263479,121.534477,1434766210
31.263348,121.534576,1434766210
31.263214,121.534653,1434766210
31.263081,121.534737,1434766210
31.262947,121.534828,1434766210
31.26281,121.53492,1434766210
31.26268,121.535027,1434766210
31.262543,121.535118,1434766210
31.262394,121.535225,1434766210
31.262253,121.535332,1434766210
31.262133,121.535439,1434766210
31.26202,121.535545,1434766210
31.261894,121.535652,1434766210
31.261766,121.535774,1434766210
31.26165,121.535904,1434766210
31.261539,121.536003,1434766210
31.261433,121.536118,1434766210
31.261333,121.536217,1434766210
31.261227,121.536331,1434766210
31.261141,121.536438,1434766210
31.261047,121.536545,1434766210
31.26096,121.536652,1434766210
31.260874,121.536743,1434766210
31.260719,121.536949,1434766210
31.260639,121.537056,1434766210
31.260559,121.537163,1434766210
31.260477,121.537277,1434766210
31.260387,121.537384,1434766210
31.2603,121.537491,1434766210
31.260206,121.537598,1434766210
31.260113,121.537735,1434766210
31.260019,121.537842,1434766210
31.259916,121.537971,1434766210
31.259813,121.538094,1434766210
31.259716,121.538223,1434766210
31.259617,121.538361,1434766210
31.259514,121.53849,1434766210
31.259411,121.538628,1434766210
31.259306,121.53875,1434766210
31.259199,121.538879,1434766210
31.259087,121.539017,1434766210
31.258976,121.539162,1434766210
31.25886,121.539307,1434766210
31.258743,121.539429,1434766210
31.258633,121.539574,1434766210
31.25852,121.539719,1434766210
31.258408,121.539864,1434766210
31.258293,121.540016,1434766210
31.258173,121.540146,1434766210
31.258047,121.540291,1434766210
31.257933,121.540443,1434766210
31.257812,121.540588,1434766210
31.257704,121.540733,1434766210
31.257587,121.540855,1434766210
31.257469,121.541016,1434766210
31.257353,121.541176,1434766210
31.257233,121.541321,1434766210
31.25712,121.541466,1434766210
31.257004,121.541626,1434766210
31.256884,121.541771,1434766210
31.25676,121.541924,1434766210
31.256634,121.542068,1434766210
31.25651,121.542198,1434766210
31.256386,121.542374,1434766210
31.256268,121.542519,1434766210
31.256147,121.542664,1434766210
31.256027,121.542816,1434766210
31.255913,121.542961,1434766210
31.2558,121.543121,1434766210
31.255672,121.543297,1434766210
31.255554,121.543442,1434766210
31.255436,121.543571,1434766210
31.255316,121.543747,1434766210
31.255198,121.543892,1434766210
31.255079,121.544029,1434766210
31.254953,121.544189,1434766210
31.254833,121.54435,1434766210
31.254713,121.544495,1434766210
31.254587,121.54464,1434766210
31.254467,121.544785,1434766210
31.254353,121.544922,1434766210
31.25424,121.545082,1434766210
31.254133,121.545212,1434766210
31.254026,121.545349,1434766210
31.25392,121.545464,1434766210
31.25382,121.545601,1434766210
31.253717,121.545731,1434766210
31.253611,121.545868,1434766210
31.253496,121.545998,1434766210
31.253393,121.54615,1434766210
31.253281,121.54628,1434766210
31.253166,121.546425,1434766210
31.253067,121.546585,1434766210
31.252966,121.546722,1434766210
31.252859,121.546852,1434766210
31.25276,121.547012,1434766210
31.252674,121.547188,1434766210
31.252581,121.547333,1434766210
31.252493,121.547478,1434766210
31.252413,121.547638,1434766210
31.252237,121.547958,1434766210
31.252153,121.548103,1434766210
31.25206,121.548241,1434766210
31.251894,121.548561,1434766210
31.25181,121.548706,1434766210
31.251726,121.548851,1434766210
31.25164,121.549011,1434766210
31.251551,121.549164,1434766210
31.251453,121.549316,1434766210
31.251347,121.549469,1434766210
31.251247,121.549629,1434766210
31.251146,121.549774,1434766210
31.251026,121.549919,1434766210
31.250914,121.550064,1434766210
31.250799,121.550186,1434766210
31.250687,121.550346,1434766210
31.250576,121.550484,1434766210
31.250473,121.550629,1434766210
31.250374,121.550758,1434766210
31.25028,121.55088,1434766210
31.250214,121.551025,1434766210
31.250166,121.55117,1434766210
31.250139,121.551331,1434766210
31.250134,121.551491,1434766210
31.250139,121.551643,1434766210
31.250174,121.551804,1434766210
31.250227,121.551949,1434766210
31.250299,121.552078,1434766210
31.250401,121.552185,1434766210
31.250509,121.552307,1434766210
31.25062,121.552414,1434766210
31.25074,121.552521,1434766210
31.250877,121.552589,1434766210
31.251013,121.55265,1434766210
31.251167,121.552681,1434766210
31.251324,121.552696,1434766210
31.251486,121.552719,1434766210
31.25164,121.552704,1434766210
31.251801,121.552696,1434766210
31.251953,121.552666,1434766210
31.25211,121.552628,1434766210
31.252266,121.552574,1434766210
31.25242,121.552521,1434766210
31.252573,121.552452,1434766210
31.252728,121.552399,1434766210
31.25288,121.552307,1434766210
31.253017,121.552238,1434766210
31.25316,121.552162,1434766210
31.253304,121.552063,1434766210
31.253433,121.551987,1434766210
31.253559,121.55191,1434766210
31.253693,121.551804,1434766210
31.253807,121.55172,1434766210
31.25392,121.551628,1434766210
31.254013,121.551521,1434766210
31.254103,121.55143,1434766210
31.25419,121.551346,1434766210
31.254271,121.551277,1434766210
31.254353,121.551201,1434766210
31.254427,121.551132,1434766210
31.254498,121.551064,1434766210
31.254566,121.550987,1434766210
31.254633,121.550919,1434766210
31.254696,121.55085,1434766210
31.254763,121.550812,1434766210
31.254827,121.550743,1434766210
31.254894,121.55069,1434766210
31.254957,121.550652,1434766210
31.255013,121.550629,1434766210
31.25506,121.550575,1434766210
31.255114,121.550537,1434766210
31.25518,121.550484,1434766210
31.255247,121.550438,1434766210
31.255302,121.5504,1434766210
31.25536,121.550346,1434766210
31.255447,121.55024,1434766210
31.255484,121.550224,1434766210
31.25552,121.550217,1434766210
31.255568,121.550186,1434766210
31.255608,121.550171,1434766210
31.255646,121.550163,1434766210
31.255686,121.550163,1434766210
31.255737,121.550171,1434766210
31.255793,121.550186,1434766210
31.255846,121.550224,1434766210
31.255913,121.550278,1434766210
31.255983,121.550346,1434766210
31.25605,121.5504,1434766210
31.256123,121.550453,1434766210
31.256201,121.550522,1434766210
31.256277,121.550583,1434766210
31.256353,121.550667,1434766210
31.256433,121.550735,1434766210
31.256514,121.550797,1434766210
31.25659,121.550842,1434766210
31.256666,121.550919,1434766210
31.256733,121.550987,1434766210
31.256804,121.551064,1434766210
31.256874,121.551109,1434766210
31.256941,121.551147,1434766210
31.257,121.551201,1434766210
31.257057,121.551254,1434766210
31.257107,121.551323,1434766210
31.257147,121.551361,1434766210
31.257191,121.551414,1434766210
31.257219,121.551483,1434766210
31.257236,121.551521,1434766210
31.25724,121.551575,1434766210
31.257233,121.551613,1434766210
31.257219,121.551628,1434766210
31.257204,121.551682,1434766210
31.257179,121.551704,1434766210
31.257143,121.55175,1434766210
31.257113,121.551773,1434766210
31.257067,121.551811,1434766210
31.257019,121.55188,1434766210
31.25696,121.551949,1434766210
31.256889,121.551987,1434766210
31.256807,121.552055,1434766210
31.256733,121.552116,1434766210
31.256666,121.55217,1434766210
31.256607,121.552238,1434766210
31.256544,121.552307,1434766210
31.256474,121.552383,1434766210
31.256407,121.552467,1434766210
31.256336,121.552544,1434766210
31.256268,121.552643,1434766210
31.256184,121.552719,1434766210
31.2561,121.552803,1434766210
31.25602,121.552864,1434766210
31.255926,121.552963,1434766210
31.255854,121.55304,1434766210
31.255779,121.553131,1434766210
31.255707,121.5532,1434766210
31.255623,121.553291,1434766210
31.255556,121.553345,1434766210
31.255487,121.553429,1434766210
31.255426,121.55349,1434766210
31.255356,121.553558,1434766210
31.255301,121.553627,1434766210
31.255266,121.553696,1434766210
31.255239,121.553734,1434766210
31.255234,121.553749,1434766210
31.25522,121.553757,1434766210
31.255213,121.553787,1434766210
31.255199,121.55381,1434766210
31.255184,121.553841,1434766210
31.255167,121.553864,1434766210
31.25514,121.553909,1434766210
31.255119,121.553963,1434766210
31.255093,121.554001,1434766210
31.255093,121.554054,1434766210
31.2551,121.55407,1434766210
31.255114,121.554077,1434766210
31.255133,121.554108,1434766210
31.255163,121.554123,1434766210
31.255211,121.554161,1434766210
31.25526,121.554184,1434766210
31.255301,121.554268,1434766210
31.25535,121.554344,1434766210
31.255407,121.554428,1434766210
31.255466,121.55452,1434766210
31.255527,121.554611,1434766210
31.255594,121.55468,1434766210
31.255659,121.554787,1434766210
31.25572,121.554878,1434766210
31.255791,121.55497,1434766210
31.255859,121.555077,1434766210
31.255926,121.555183,1434766210
31.256001,121.55529,1434766210
31.256073,121.555374,1434766210
31.256147,121.555481,1434766210
31.25622,121.555573,1434766210
31.256287,121.555664,1434766210
31.25634,121.555763,1434766210
31.256393,121.55584,1434766210
31.256433,121.555908,1434766210
31.256466,121.555962,1434766210
31.256506,121.556,1434766210
31.25654,121.556038,1434766210
31.256573,121.556084,1434766210
31.256607,121.556122,1434766210
31.256634,121.556137,1434766210
31.256674,121.556175,1434766210
31.256706,121.556229,1434766210
31.25672,121.55629,1434766210
31.25668,121.556412,1434766210
31.256639,121.55648,1434766210
31.256594,121.556534,1434766210
31.25654,121.556587,1434766210
31.256479,121.556656,1434766210
31.25642,121.556694,1434766210
31.256344,121.55677,1434766210
31.256273,121.556824,1434766210
31.256193,121.556892,1434766210
31.256113,121.556946,1434766210
31.256033,121.557014,1434766210
31.255947,121.557091,1434766210
31.255863,121.557175,1434766210
31.255779,121.557251,1434766210
31.25569,121.557335,1434766210
31.255604,121.557404,1434766210
31.25552,121.557465,1434766210
31.255447,121.557518,1434766210
31.255373,121.55761,1434766210
31.255293,121.557678,1434766210
31.255213,121.557762,1434766210
31.255127,121.557854,1434766210
31.255037,121.557922,1434766210
31.254953,121.557983,1434766210
31.25486,121.558052,1434766210
31.25478,121.558136,1434766210
31.254707,121.558212,1434766210
31.25462,121.558296,1434766210
31.25453,121.558388,1434766210
31.25444,121.558464,1434766210
31.254347,121.558548,1434766210
31.254253,121.55864,1434766210
31.25416,121.558708,1434766210
31.254074,121.5588,1434766210
31.253986,121.558884,1434766210
31.253897,121.55896,1434766210
31.253799,121.559067,1434766210
31.2537,121.559143,1434766210
31.253607,121.559242,1434766210
31.253517,121.559334,1434766210
31.253416,121.559402,1434766210
31.253317,121.559479,1434766210
31.25322,121.559563,1434766210
31.253019,121.559731,1434766210
31.252926,121.559814,1434766210
31.252853,121.559906,1434766210
31.252781,121.559975,1434766210
31.252701,121.560028,1434766210
31.252634,121.560081,1434766210
31.252581,121.560135,1434766210
31.252546,121.560173,1434766210
31.25252,121.560226,1434766210
31.252506,121.560265,1434766210
31.252506,121.56031,1434766210
31.252527,121.560364,1434766210
31.252546,121.56041,1434766210
31.252581,121.560478,1434766210
31.252623,121.560532,1434766210
31.252687,121.560616,1434766210
31.252737,121.560669,1434766210
31.25279,121.560745,1434766210
31.252846,121.560814,1434766210
31.252907,121.56089,1434766210
31.252964,121.560974,1434766210
31.253019,121.561066,1434766210
31.25308,121.561157,1434766210
31.253147,121.561256,1434766210
31.253201,121.561348,1434766210
31.253267,121.56144,1434766210
31.253323,121.561523,1434766210
31.25338,121.56163,1434766210
31.253441,121.561707,1434766210
31.25349,121.561783,1434766210
31.25354,121.561882,1434766210
31.253572,121.561974,1434766210
31.253586,121.561996,1434766210
31.253603,121.562042,1434766210
31.253633,121.56208,1434766210
31.253656,121.562134,1434766210
31.253687,121.562172,1434766210
31.2537,121.562279,1434766210
31.253693,121.562347,1434766210
31.253666,121.562416,1434766210
31.25362,121.562492,1434766210
31.253576,121.562561,1434766210
31.253527,121.562614,1434766210
31.25346,121.562668,1434766210
31.253393,121.562706,1434766210
31.253313,121.562775,1434766210
31.253227,121.562828,1434766210
31.253134,121.562897,1434766210
31.253031,121.562958,1434766210
31.252913,121.563042,1434766210
31.252808,121.563118,1434766210
31.252693,121.563202,1434766210
31.252573,121.563278,1434766210
31.252453,121.563347,1434766210
31.252327,121.563416,1434766210
31.252207,121.563492,1434766210
31.252083,121.563576,1434766210
31.251966,121.563652,1434766210
31.25186,121.563744,1434766210
31.25174,121.563828,1434766210
31.251627,121.563904,1434766210
31.251507,121.563988,1434766210
31.251394,121.564056,1434766210
31.25128,121.564133,1434766210
31.251177,121.564171,1434766210
31.251074,121.56424,1434766210
31.25098,121.564293,1434766210
31.250893,121.564377,1434766210
31.25082,121.564415,1434766210
31.250753,121.564468,1434766210
31.2507,121.564522,1434766210
31.250641,121.564537,1434766210
31.250607,121.56459,1434766210
31.25058,121.564598,1434766210
31.250574,121.564613,1434766210
31.25058,121.564613,1434766210
31.250587,121.564613,1434766210
31.250597,121.564613,1434766210
31.250601,121.564613,1434766210
31.250601,121.564613,1434766210
31.250601,121.564613,1434766210
31.250597,121.564613,1434766210
31.250597,121.564629,1434766210
31.250597,121.564629,1434766210
31.250597,121.564629,1434766210
31.250597,121.564629,1434766210
31.250597,121.564629,1434766210
31.250597,121.564629,1434766210
31.250601,121.564629,1434766210
31.250601,121.564629,1434766210
31.250601,121.564629,1434766210
31.250601,121.564629,1434766210
31.250601,121.564629,1434766210
31.250601,121.564629,1434766210
31.250601,121.564629,1434766210
31.250601,121.564629,1434766210
31.250603,121.564629,1434766210
31.250603,121.564629,1434766210
31.250607,121.564613,1434766210
31.250607,121.564613,1434766210
31.250607,121.564613,1434766210
31.250607,121.564613,1434766210
31.250607,121.564613,1434766210
31.250607,121.564613,1434766210
31.25061,121.564613,1434766210
31.250614,121.564613,1434766210
31.250614,121.564613,1434766210
31.250614,121.564613,1434766210
31.250614,121.564629,1434766210
31.25061,121.564629,1434766210
31.250607,121.564629,1434766210
31.250607,121.564629,1434766210
31.250607,121.564629,1434766210
31.250607,121.564629,1434766210
31.250607,121.564629,1434766210
31.250607,121.564629,1434766210
31.250607,121.564613,1434766210
31.250607,121.564613,1434766210
31.250607,121.564613,1434766210
31.250607,121.564613,1434766210
31.250607,121.564613,1434766210
31.250607,121.564613,1434766210
31.250607,121.564613,1434766210
31.250607,121.564613,1434766210
31.250607,121.564613,1434766210
31.250607,121.564613,1434766210
31.250607,121.564613,1434766210
31.250607,121.564613,1434766210
31.250607,121.564613,1434766210
31.250607,121.564598,1434766210
31.250607,121.564598,1434766210
31.25061,121.564613,1434766210
31.25061,121.564613,1434766210
31.250614,121.564613,1434766210
31.250614,121.564613,1434766210
31.250614,121.564613,1434766210
31.250614,121.564613,1434766210
31.250614,121.564613,1434766210
31.250614,121.564613,1434766210
31.250614,121.564613,1434766210
31.250614,121.564613,1434766210
31.250614,121.564613,1434766210
31.250614,121.564613,1434766210
31.250614,121.564613,1434766210
31.250614,121.564613,1434766210
31.250614,121.564613,1434766210
31.250614,121.564613,1434766210
31.250616,121.564613,1434766210
31.250616,121.564613,1434766210
31.25062,121.564613,1434766210
31.25062,121.564613,1434766210
31.250616,121.564613,1434766210
31.250616,121.564613,1434766210
31.25062,121.564613,1434766210
31.25062,121.564613,1434766210
31.25062,121.564613,1434766210
31.25062,121.564613,1434766210
31.25062,121.564613,1434766210
31.25062,121.564613,1434766210
31.25062,121.564613,1434766210
31.25062,121.564613,1434766210
31.250624,121.564613,1434766210
31.250624,121.564613,1434766210
31.250628,121.564629,1434766210
31.250628,121.564629,1434766210
31.250628,121.564629,1434766210
31.250628,121.564629,1434766210
31.250628,121.564629,1434766210
31.250628,121.564629,1434766210
31.250628,121.564629,1434766210
31.250628,121.564629,1434766210
31.250628,121.564629,1434766210
31.250628,121.564629,1434766210
31.250628,121.564629,1434766210
31.250629,121.564629,1434766210
31.250629,121.564629,1434766210
31.250629,121.564629,1434766210
31.250629,121.564629,1434766210
31.250629,121.564629,1434766210
31.250629,121.564629,1434766210
31.250629,121.564629,1434766210
31.250629,121.564629,1434766210
31.250629,121.564629,1434766210
31.250629,121.564629,1434766210
31.250629,121.564629,1434766210
31.250628,121.564629,1434766210
31.250628,121.564629,1434766210
31.250628,121.564629,1434766210
31.250628,121.564629,1434766210
31.250628,121.564629,1434766210
31.250628,121.564629,1434766210
31.250624,121.564629,1434766210
31.25062,121.564629,1434766210
31.25062,121.564613,1434766210
31.250616,121.564613,1434766210
31.250614,121.564613,1434766210
31.250614,121.564613,1434766210
31.250614,121.564613,1434766210
31.250614,121.564613,1434766210
31.250616,121.564613,1434766210
31.250614,121.564613,1434766210
31.250614,121.564613,1434766210
31.250614,121.564629,1434766210
31.250607,121.564629,1434766210
31.25058,121.564636,1434766210
31.250547,121.564651,1434766210
31.250496,121.564682,1434766210
31.250441,121.56472,1434766210
31.25038,121.564774,1434766210
31.250313,121.564827,1434766210
31.250233,121.564865,1434766210
31.250153,121.564934,1434766210
31.250059,121.565002,1434766210
31.249973,121.565063,1434766210
31.249876,121.565132,1434766210
31.249773,121.565201,1434766210
31.249666,121.565277,1434766210
31.249567,121.565346,1434766210
31.249453,121.565414,1434766210
31.249346,121.565483,1434766210
31.249241,121.565544,1434766210
31.24914,121.565628,1434766210
31.249041,121.565704,1434766210
31.248934,121.565773,1434766210
31.248827,121.565842,1434766210
31.24872,121.565918,1434766210
31.248613,121.565987,1434766210
31.248528,121.566025,1434766210
31.248436,121.566109,1434766210
31.248354,121.566162,1434766210
31.248293,121.566223,1434766210
31.248234,121.56636,1434766210
31.248226,121.566429,1434766210
31.248238,121.566521,1434766210
31.248266,121.566597,1434766210
31.248314,121.566681,1434766210
31.248354,121.566757,1434766210
31.248404,121.566856,1434766210
31.248447,121.566948,1434766210
31.248487,121.567039,1434766210
31.248528,121.567131,1434766210
31.248613,121.567322,1434766210
31.248646,121.567413,1434766210
31.248667,121.56752,1434766210
31.248699,121.567642,1434766210
31.248734,121.567757,1434766210
31.24876,121.567879,1434766210
31.248787,121.567986,1434766210
31.24881,121.568092,1434766210
31.248827,121.568184,1434766210
31.248846,121.568291,1434766210
31.248859,121.568398,1434766210
31.248873,121.568504,1434766210
31.24889,121.568588,1434766210
31.248899,121.568657,1434766210
31.248899,121.568665,1434766210
31.248899,121.56868,1434766210
31.248903,121.568695,1434766210
31.248913,121.568695,1434766210
31.24892,121.568695,1434766210
31.248913,121.568695,1434766210
31.248913,121.568695,1434766210
31.248913,121.568695,1434766210
31.248913,121.568695,1434766210
31.248913,121.568695,1434766210
31.248913,121.568695,1434766210
31.248913,121.568695,1434766210
31.248913,121.568695,1434766210
31.248913,121.568695,1434766210
31.248913,121.568695,1434766210
31.248911,121.568695,1434766210
31.248911,121.568695,1434766210
31.248913,121.568695,1434766210
31.248913,121.568695,1434766210
31.248913,121.568695,1434766210
31.24892,121.568733,1434766210
31.248926,121.568787,1434766210
31.248934,121.568817,1434766210
31.248934,121.568855,1434766210
31.248934,121.568909,1434766210
31.24894,121.568962,1434766210
31.248953,121.569016,1434766210
31.248962,121.569069,1434766210
31.248976,121.569107,1434766210
31.24898,121.56916,1434766210
31.248987,121.569214,1434766210
31.249001,121.569267,1434766210
31.249006,121.569336,1434766210
31.249016,121.569397,1434766210
31.249033,121.569466,1434766210
31.249041,121.56955,1434766210
31.249054,121.569626,1434766210
31.249067,121.569717,1434766210
31.249081,121.569801,1434766210
31.249094,121.56987,1434766210
31.249104,121.569962,1434766210
31.249113,121.570015,1434766210
31.249123,121.570084,1434766210
31.249134,121.570145,1434766210
31.24914,121.57019,1434766210
31.249147,121.570236,1434766210
31.249149,121.57029,1434766210
31.249161,121.57032,1434766210
31.249166,121.570358,1434766210
31.24918,121.570396,1434766210
31.249187,121.57045,1434766210
31.249201,121.570518,1434766210
31.249224,121.57061,1434766210
31.249233,121.570656,1434766210
31.249233,121.570679,1434766210
31.249237,121.570694,1434766210
31.249241,121.570717,1434766210
31.249254,121.570732,1434766210
31.249256,121.570747,1434766210
31.24926,121.570763,1434766210
31.249268,121.57077,1434766210
31.249268,121.57077,1434766210
31.249264,121.570786,1434766210
31.24926,121.570786,1434766210
31.24926,121.570786,1434766210
31.24926,121.570786,1434766210
31.24926,121.570786,1434766210
31.249256,121.570786,1434766210
31.249256,121.570786,1434766210
31.249254,121.570786,1434766210
31.249254,121.570786,1434766210
31.249254,121.570786,1434766210
31.249254,121.570786,1434766210
31.249254,121.570786,1434766210
31.24925,121.570801,1434766210
31.249247,121.570801,1434766210
31.24925,121.570801,1434766210
31.249273,121.570839,1434766210
31.249296,121.570908,1434766210
31.249306,121.570984,1434766210
31.249313,121.571083,1434766210
31.249327,121.571144,1434766210
31.249346,121.571228,1434766210
31.249359,121.571281,1434766210
31.249376,121.57132,1434766210
31.24939,121.571388,1434766210
31.249411,121.571457,1434766210
31.249426,121.571518,1434766210
31.249447,121.571571,1434766210
31.24946,121.571655,1434766210
31.249474,121.571732,1434766210
31.249493,121.571823,1434766210
31.249527,121.571922,1434766210
31.24955,121.572014,1434766210
31.249573,121.57209,1434766210
31.24959,121.572189,1434766210
31.249599,121.572266,1434766210
31.249613,121.572334,1434766210
31.24962,121.572388,1434766210
31.249626,121.572426,1434766210
31.24964,121.572464,1434766210
31.249653,121.572495,1434766210
31.24966,121.572517,1434766210
31.24967,121.572533,1434766210
31.249674,121.572548,1434766210
31.249676,121.572571,1434766210
31.249687,121.572571,1434766210
31.249687,121.572586,1434766210
31.249693,121.572601,1434766210
31.249702,121.572617,1434766210
31.249714,121.572617,1434766210
31.24972,121.572617,1434766210
31.24972,121.572601,1434766210
31.249727,121.572601,1434766210
31.249727,121.572601,1434766210
31.249727,121.572601,1434766210
31.249727,121.572601,1434766210
31.249727,121.572601,1434766210
31.249727,121.572601,1434766210
31.249727,121.572601,1434766210
31.249727,121.572617,1434766210
31.249727,121.572617,1434766210
31.249727,121.572617,1434766210
31.249727,121.572601,1434766210
31.249727,121.572601,1434766210
31.249727,121.572601,1434766210
31.249727,121.572601,1434766210
31.249727,121.572601,1434766210
31.249729,121.572601,1434766210
31.249733,121.572601,1434766210
31.249733,121.572601,1434766210
31.249733,121.572601,1434766210
31.249733,121.572601,1434766210
31.249741,121.572601,1434766210
31.249741,121.572601,1434766210
31.249741,121.572601,1434766210
31.249743,121.572586,1434766210
31.249746,121.572586,1434766210
31.249746,121.572586,1434766210
31.249746,121.572586,1434766210
31.249754,121.572586,1434766210
31.249754,121.572586,1434766210
31.249754,121.572586,1434766210
31.249754,121.572586,1434766210
31.24975,121.572586,1434766210
31.249746,121.572586,1434766210
31.249743,121.572586,1434766210
31.249743,121.572586,1434766210
31.249743,121.572586,1434766210
31.249743,121.572586,1434766210
31.249743,121.572586,1434766210
31.249743,121.572586,1434766210
31.249741,121.572586,1434766210
31.249737,121.572601,1434766210
31.249733,121.572601,1434766210
31.249727,121.572601,1434766210
31.24972,121.572601,1434766210
31.249714,121.572601,1434766210
31.249706,121.572601,1434766210
31.249706,121.572617,1434766210
31.249706,121.572617,1434766210
31.249706,121.572617,1434766210
31.249706,121.572617,1434766210
31.249706,121.572617,1434766210
31.249702,121.572617,1434766210
31.249701,121.572617,1434766210
31.249697,121.572624,1434766210
31.249697,121.572624,1434766210
31.249693,121.572624,1434766210
31.249693,121.572624,1434766210
31.249693,121.572624,1434766210
31.249687,121.572624,1434766210
31.249687,121.572624,1434766210
31.249687,121.572624,1434766210
31.249687,121.572624,1434766210
31.249687,121.572624,1434766210
31.249687,121.572624,1434766210
31.249687,121.572624,1434766210
31.249683,121.572624,1434766210
31.24968,121.572639,1434766210
31.24968,121.572639,1434766210
31.24968,121.572639,1434766210
31.24968,121.572639,1434766210
31.24968,121.572639,1434766210
31.24968,121.572639,1434766210
31.24968,121.572639,1434766210
31.24968,121.572639,1434766210
31.24968,121.572639,1434766210
31.24968,121.572639,1434766210
31.24968,121.572639,1434766210
31.24968,121.572639,1434766210
31.249676,121.572639,1434766210
31.249676,121.572639,1434766210
31.24968,121.572639,1434766210
31.24968,121.572639,1434766210
31.24968,121.572639,1434766210
31.249683,121.572639,1434766210
31.249687,121.572639,1434766210
31.249693,121.572624,1434766210
31.249697,121.572624,1434766210
31.249701,121.572624,1434766210
31.249706,121.572624,1434766210
31.249714,121.572624,1434766210
31.249716,121.572624,1434766210
31.24972,121.572624,1434766210
31.24972,121.572624,1434766210
31.249723,121.572624,1434766210
31.249727,121.572624,1434766210
31.249727,121.572624,1434766210
31.249733,121.572617,1434766210
31.249737,121.572617,1434766210
31.249741,121.572617,1434766210
31.249746,121.572601,1434766210
31.249746,121.572601,1434766210
31.24975,121.572601,1434766210
31.249754,121.572601,1434766210
31.249754,121.572601,1434766210
31.249756,121.572601,1434766210
31.24976,121.572586,1434766210
31.24976,121.572586,1434766210
31.249763,121.572586,1434766210
31.249763,121.572586,1434766210
31.249767,121.572586,1434766210
31.249763,121.572586,1434766210
31.24976,121.572586,1434766210
31.24976,121.572586,1434766210
31.24976,121.572601,1434766210
31.249756,121.572601,1434766210
31.249754,121.572601,1434766210
31.249754,121.572601,1434766210
31.24975,121.572601,1434766210
31.24975,121.572601,1434766210
31.249746,121.572617,1434766210
31.249746,121.572617,1434766210
31.249746,121.572617,1434766210
31.249746,121.572617,1434766210
31.249743,121.572617,1434766210
31.249743,121.572617,1434766210
31.249743,121.572617,1434766210
31.249743,121.572617,1434766210
31.249743,121.572617,1434766210
31.249741,121.572617,1434766210
31.249743,121.572617,1434766210
31.249741,121.572617,1434766210
31.249741,121.572624,1434766210
31.249741,121.572624,1434766210
31.249741,121.572624,1434766210
31.249741,121.572624,1434766210
31.249741,121.572624,1434766210
31.249741,121.572624,1434766210
31.249737,121.572624,1434766210
31.249733,121.572624,1434766210
31.249733,121.572624,1434766210
31.249737,121.572624,1434766210
31.249737,121.572624,1434766210
31.249737,121.572624,1434766210
31.249741,121.572624,1434766210
31.249741,121.572624,1434766210
31.249741,121.572624,1434766210
31.249746,121.572624,1434766210
31.249746,121.572617,1434766210
31.249746,121.572617,1434766210
31.24975,121.572617,1434766210
31.24975,121.572617,1434766210
31.24975,121.572617,1434766210
31.24975,121.572617,1434766210
31.249746,121.572617,1434766210
31.249746,121.572617,1434766210
31.249746,121.572617,1434766210
31.249746,121.572617,1434766210
31.249746,121.572624,1434766210
31.249746,121.572624,1434766210
31.249743,121.572624,1434766210
31.249741,121.572624,1434766210
31.249737,121.572624,1434766210
31.249733,121.572624,1434766210
31.249733,121.572624,1434766210
31.249733,121.572624,1434766210
31.249729,121.572624,1434766210
31.249733,121.572624,1434766210
31.249733,121.572624,1434766210
31.249733,121.572624,1434766210
31.249733,121.572624,1434766210
31.249737,121.572624,1434766210
31.249737,121.572624,1434766210
31.249737,121.572624,1434766210
31.249737,121.572624,1434766210
31.249737,121.572624,1434766210
31.249741,121.572624,1434766210
31.249741,121.572624,1434766210
31.249741,121.572624,1434766210
31.249741,121.572624,1434766210
31.249741,121.572624,1434766210
31.249743,121.572624,1434766210
31.249743,121.572624,1434766210
31.249741,121.572624,1434766210
31.249741,121.572624,1434766210
31.249741,121.572624,1434766210
31.249741,121.572624,1434766210
31.249741,121.572624,1434766210
31.249737,121.572624,1434766210
31.249733,121.572624,1434766210
31.249733,121.572624,1434766210
31.249737,121.572624,1434766210
31.249737,121.572624,1434766210
31.249737,121.572624,1434766210
31.249737,121.572624,1434766210
31.249737,121.572624,1434766210
31.249737,121.572624,1434766210
31.249737,121.572624,1434766210
31.249737,121.572624,1434766210
31.249733,121.572624,1434766210
31.249733,121.572624,1434766210
31.249733,121.572624,1434766210
31.249733,121.572624,1434766210
31.249733,121.572624,1434766210
31.249729,121.572639,1434766210
31.249727,121.572639,1434766210
31.249727,121.572639,1434766210
31.249727,121.572639,1434766210
31.249727,121.572639,1434766210
31.249727,121.572639,1434766210
31.249727,121.572639,1434766210
31.249727,121.572639,1434766210
31.249727,121.572639,1434766210
31.249727,121.572639,1434766210
31.249727,121.572639,1434766210
31.249729,121.572639,1434766210
31.249729,121.572639,1434766210
31.249727,121.572639,1434766210
31.249727,121.572639,1434766210
31.249727,121.572639,1434766210
31.249727,121.572639,1434766210
31.249727,121.572639,1434766210
31.249727,121.572639,1434766210
31.249727,121.572639,1434766210
31.249727,121.572639,1434766210
31.249723,121.572639,1434766210
31.249727,121.572639,1434766210
31.249727,121.572639,1434766210
31.249729,121.572639,1434766210
31.249733,121.572639,1434766210
31.249733,121.572639,1434766210
31.249733,121.572639,1434766210
31.249733,121.572639,1434766210
31.249733,121.572639,1434766210
31.249733,121.572639,1434766210
31.249733,121.572639,1434766210
31.249729,121.572639,1434766210
31.249729,121.572639,1434766210
31.249733,121.572639,1434766210
31.249733,121.572639,1434766210
31.249733,121.572639,1434766210
31.249733,121.572639,1434766210
31.249733,121.572639,1434766210
31.249729,121.572639,1434766210
31.249729,121.572639,1434766210
31.249727,121.572639,1434766210
31.249727,121.572639,1434766210
31.249727,121.572639,1434766210
31.249723,121.572639,1434766210
31.249723,121.572639,1434766210
31.249727,121.572639,1434766210
31.249727,121.572639,1434766210
31.249727,121.572639,1434766210
31.249727,121.572639,1434766210
31.249723,121.572639,1434766210
31.249723,121.572639,1434766210
31.24972,121.572639,1434766210
31.249723,121.572639,1434766210
31.249723,121.572639,1434766210
31.249723,121.572639,1434766210
31.249723,121.572639,1434766210
31.24972,121.572639,1434766210
31.24972,121.572639,1434766210
31.24972,121.572639,1434766210
31.24972,121.572639,1434766210
31.249716,121.572639,1434766210
31.249716,121.572639,1434766210
31.249723,121.572639,1434766210
31.249727,121.572639,1434766210
31.249729,121.572639,1434766210
31.249741,121.572624,1434766210
31.24975,121.572601,1434766210
31.249763,121.572586,1434766210
31.249769,121.572586,1434766210
31.249773,121.572571,1434766210
31.249777,121.572571,1434766210
31.249763,121.572586,1434766210
31.249754,121.572586,1434766210
31.249754,121.572601,1434766210
31.249746,121.572617,1434766210
31.249746,121.572617,1434766210
31.249746,121.572617,1434766210
31.249746,121.572617,1434766210
31.249746,121.572617,1434766210
31.249743,121.572624,1434766210
31.249737,121.572639,1434766210
31.249727,121.572639,1434766210
31.249714,121.572639,1434766210
31.249706,121.572639,1434766210
31.249693,121.572639,1434766210
31.249683,121.572655,1434766210
31.249674,121.572655,1434766210
31.249666,121.572655,1434766210
31.24966,121.57267,1434766210
31.249662,121.57267,1434766210
31.249662,121.57267,1434766210
31.249657,121.57267,1434766210
31.249649,121.57267,1434766210
31.249649,121.57267,1434766210
31.249647,121.57267,1434766210
31.249647,121.57267,1434766210
31.249647,121.57267,1434766210
31.249647,121.57267,1434766210
31.249647,121.57267,1434766210
31.249647,121.57267,1434766210
31.249647,121.57267,1434766210
31.249647,121.57267,1434766210
31.249647,121.57267,1434766210
31.249647,121.57267,1434766210
31.249647,121.57267,1434766210
31.249647,121.57267,1434766210
31.249643,121.57267,1434766210
31.249643,121.57267,1434766210
31.24964,121.57267,1434766210
31.24964,121.57267,1434766210
31.24964,121.57267,1434766210
31.24964,121.57267,1434766210
31.249638,121.57267,1434766210
31.249634,121.57267,1434766210
31.249634,121.57267,1434766210
31.249634,121.57267,1434766210
31.249634,121.57267,1434766210
31.24963,121.57267,1434766210
31.24963,121.57267,1434766210
31.24963,121.57267,1434766210
31.249626,121.572678,1434766210
31.249626,121.572693,1434766210
31.249634,121.572693,1434766210
31.249634,121.572708,1434766210
31.249634,121.572708,1434766210
31.249634,121.572708,1434766210
31.249634,121.572708,1434766210
31.249634,121.572708,1434766210
31.24963,121.572708,1434766210
31.24963,121.572708,1434766210
31.24963,121.572708,1434766210
31.24963,121.572708,1434766210
31.24963,121.572708,1434766210
31.24963,121.572708,1434766210
31.249634,121.572708,1434766210
31.249634,121.572708,1434766210
31.249634,121.572708,1434766210
31.24963,121.572708,1434766210
31.249626,121.572708,1434766210
31.249626,121.572723,1434766210
31.249626,121.572723,1434766210
31.249626,121.572723,1434766210
31.249626,121.572723,1434766210
31.249626,121.572723,1434766210
31.249626,121.572723,1434766210
31.249626,121.572708,1434766210
31.249626,121.572708,1434766210
31.24963,121.572708,1434766210
31.24963,121.572708,1434766210
31.249634,121.572708,1434766210
31.249634,121.572708,1434766210
31.249634,121.572708,1434766210
31.249638,121.572708,1434766210
31.24964,121.572708,1434766210
31.24964,121.572708,1434766210
31.24964,121.572708,1434766210
31.249626,121.572723,1434766210
31.24963,121.572723,1434766210
31.249634,121.572723,1434766210
31.24964,121.572723,1434766210
31.249634,121.572723,1434766210
31.249634,121.572723,1434766210
31.249634,121.572723,1434766210
31.249634,121.572723,1434766210
31.249634,121.572723,1434766210
31.249634,121.572723,1434766210
31.249634,121.572723,1434766210
31.249634,121.572723,1434766210
31.249634,121.572723,1434766210
31.249634,121.572723,1434766210
31.249634,121.572723,1434766210
31.249634,121.572723,1434766210
31.249634,121.572723,1434766210
31.249638,121.572723,1434766210
31.249638,121.572723,1434766210
31.24964,121.572723,1434766210
31.24964,121.572723,1434766210
31.24964,121.572723,1434766210
31.24964,121.572723,1434766210
31.24964,121.572723,1434766210
31.24964,121.572723,1434766210
31.249638,121.572723,1434766210
31.249638,121.572723,1434766210
31.249638,121.572723,1434766210
31.249634,121.572723,1434766210
31.249626,121.572731,1434766210
31.24962,121.572746,1434766210
31.249617,121.572746,1434766210
31.24962,121.572746,1434766210
31.24962,121.572746,1434766210
31.249617,121.572746,1434766210
31.249617,121.572746,1434766210
31.249617,121.572746,1434766210
31.249613,121.572746,1434766210
31.249613,121.572746,1434766210
31.249613,121.572746,1434766210
31.249613,121.572746,1434766210
31.249617,121.572746,1434766210
31.249617,121.572746,1434766210
31.249613,121.572746,1434766210
31.249613,121.572746,1434766210
31.249613,121.572784,1434766210
31.249617,121.572815,1434766210
31.249626,121.572853,1434766210
31.249634,121.572945,1434766210
31.249647,121.573013,1434766210
31.249666,121.573082,1434766210
31.249687,121.573158,1434766210
31.249702,121.57325,1434766210
31.249727,121.573334,1434766210
31.249746,121.57341,1434766210
31.249781,121.573509,1434766210
31.249807,121.573601,1434766210
31.249826,121.573708,1434766210
31.249853,121.573784,1434766210
31.24988,121.573868,1434766210
31.249907,121.573959,1434766210
31.249933,121.574013,1434766210
31.249973,121.574097,1434766210
31.250004,121.574158,1434766210
31.25004,121.574226,1434766210
31.25008,121.57428,1434766210
31.250126,121.574333,1434766210
31.250193,121.574348,1434766210
31.25024,121.574364,1434766210
31.250294,121.574348,1434766210
31.250347,121.574295,1434766210
31.250387,121.574242,1434766210
31.25045,121.574188,1434766210
31.250513,121.574135,1434766210
31.250576,121.574051,1434766210
31.250647,121.57399,1434766210
31.250706,121.573921,1434766210
31.250772,121.57383,1434766210
31.250853,121.573746,1434766210
31.250933,121.573669,1434766210
31.25102,121.57357,1434766210
31.251101,121.573509,1434766210
31.251186,121.573425,1434766210
31.251266,121.573334,1434766210
31.25135,121.573242,1434766210
31.25144,121.573135,1434766210
31.251526,121.573051,1434766210
31.25161,121.57296,1434766210
31.251694,121.572868,1434766210
31.251774,121.5728,1434766210
31.251863,121.572693,1434766210
31.251953,121.572624,1434766210
31.252037,121.572533,1434766210
31.252127,121.572441,1434766210
31.252213,121.57235,1434766210
31.252304,121.57225,1434766210
31.252394,121.572174,1434766210
31.252476,121.572083,1434766210
31.252563,121.571999,1434766210
31.252647,121.571907,1434766210
31.252741,121.571815,1434766210
31.252836,121.571716,1434766210
31.252926,121.571609,1434766210
31.253027,121.571518,1434766210
31.253113,121.571457,1434766210
31.253206,121.571358,1434766210
31.253294,121.571266,1434766210
31.25338,121.57119,1434766210
31.25346,121.571091,1434766210
31.253532,121.57103,1434766210
31.253626,121.570961,1434766210
31.253693,121.570877,1434766210
31.253746,121.570824,1434766210
31.253807,121.570763,1434766210
31.253874,121.570732,1434766210
31.253933,121.570747,1434766210
31.253994,121.570786,1434766210
31.25404,121.570839,1434766210
31.254087,121.570923,1434766210
31.25419,121.571091,1434766210
31.254253,121.571198,1434766210
31.254307,121.571304,1434766210
31.25436,121.571388,1434766210
31.254436,121.57148,1434766210
31.254507,121.571571,1434766210
31.25456,121.571678,1434766210
31.25462,121.571762,1434766210
31.254681,121.571854,1434766210
31.254723,121.571945,1434766210
31.25477,121.571999,1434766210
31.254803,121.572067,1434766210
31.254827,121.57209,1434766210
31.254847,121.572136,1434766210
31.25485,121.572159,1434766210
31.25486,121.572159,1434766210
31.254873,121.572159,1434766210
31.254873,121.572159,1434766210
31.254877,121.572159,1434766210
31.254877,121.572159,1434766210
31.254881,121.572159,1434766210
31.254881,121.572159,1434766210
31.254881,121.572159,1434766210
31.254881,121.572159,1434766210
31.254881,121.572159,1434766210
31.254883,121.572159,1434766210
31.2549,121.572174,1434766210
31.254913,121.572197,1434766210
31.254927,121.572227,1434766210
31.254957,121.57225,1434766210
31.25498,121.572281,1434766210
31.254999,121.572304,1434766210
31.255047,121.57235,1434766210
31.255074,121.572403,1434766210
31.2551,121.572464,1434766210
31.25514,121.572517,1434766210
31.255186,121.572571,1434766210
31.255247,121.572639,1434766210
31.255293,121.572693,1434766210
31.255346,121.572784,1434766210
31.2554,121.572853,1434766210
31.255453,121.572945,1434766210
31.255514,121.573044,1434766210
31.255583,121.573135,1434766210
31.255646,121.573242,1434766210
31.255713,121.573318,1434766210
31.255787,121.57341,1434766210
31.255859,121.573517,1434766210
31.255938,121.573624,1434766210
31.256014,121.573746,1434766210
31.256094,121.573853,1434766210
31.25617,121.573975,1434766210
31.256241,121.574066,1434766210
31.256321,121.574173,1434766210
31.256399,121.574295,1434766210
31.256474,121.574417,1434766210
31.256546,121.574516,1434766210
31.25662,121.574638,1434766210
31.256693,121.574745,1434766210
31.256769,121.574852,1434766210
31.256849,121.574989,1434766210
31.25692,121.575119,1434766210
31.257008,121.575256,1434766210
31.257093,121.575363,1434766210
31.257179,121.575478,1434766210
31.257259,121.575577,1434766210
31.257347,121.575722,1434766210
31.257441,121.575813,1434766210
31.257523,121.575943,1434766210
31.25762,121.576027,1434766210
31.257708,121.576134,1434766210
31.25779,121.576241,1434766210
31.257874,121.576317,1434766210
31.257967,121.576416,1434766210
31.258034,121.576492,1434766210
31.258114,121.576576,1434766210
31.258177,121.576637,1434766210
31.258287,121.576744,1434766210
31.258316,121.57679,1434766210
31.258333,121.576813,1434766210
31.258337,121.576813,1434766210
31.258341,121.576813,1434766210
31.258341,121.576813,1434766210
31.258333,121.576813,1434766210
31.258333,121.576813,1434766210
31.258333,121.576813,1434766210
31.258333,121.576813,1434766210
31.258333,121.576813,1434766210
31.258333,121.576813,1434766210
31.258333,121.576813,1434766210
31.258329,121.576813,1434766210
31.258329,121.576813,1434766210
31.258329,121.576813,1434766210
31.258329,121.576813,1434766210
31.258329,121.576813,1434766210
31.258329,121.576813,1434766210
31.258327,121.576813,1434766210
31.258327,121.576813,1434766210
31.258327,121.576813,1434766210
31.258327,121.576813,1434766210
31.258327,121.576813,1434766210
31.258327,121.576813,1434766210
31.258327,121.576813,1434766210
31.258327,121.576813,1434766210
31.258327,121.576813,1434766210
31.258327,121.576813,1434766210
31.258327,121.576813,1434766210
31.258327,121.576813,1434766210
31.258327,121.576813,1434766210
31.258324,121.576813,1434766210
31.258324,121.576813,1434766210
31.258324,121.576813,1434766210
31.258324,121.576813,1434766210
31.258324,121.576813,1434766210
31.258324,121.576813,1434766210
31.258327,121.576813,1434766210
31.258327,121.576813,1434766210
31.258327,121.576813,1434766210
31.258327,121.576813,1434766210
31.258327,121.576813,1434766210
31.258327,121.576813,1434766210
31.258327,121.576813,1434766210
31.258327,121.576813,1434766210
31.258327,121.576813,1434766210
31.258327,121.576813,1434766210
31.258327,121.576813,1434766210
31.258327,121.576813,1434766210
31.258327,121.576813,1434766210
31.258327,121.576813,1434766210
31.258324,121.576813,1434766210
31.258324,121.576813,1434766210
31.258324,121.576813,1434766210
31.25832,121.576813,1434766210
31.25832,121.576813,1434766210
31.25832,121.576813,1434766210
31.25832,121.576813,1434766210
31.25832,121.576813,1434766210
31.25832,121.576813,1434766210
31.25832,121.576813,1434766210
31.25832,121.576813,1434766210
31.25832,121.576813,1434766210
31.25832,121.576813,1434766210
31.25832,121.576813,1434766210
31.25832,121.576813,1434766210
31.25832,121.576813,1434766210
31.25832,121.576813,1434766210
31.25832,121.576813,1434766210
31.25832,121.576813,1434766210
31.25832,121.576813,1434766210
31.25832,121.576813,1434766210
31.25832,121.576813,1434766210
31.25832,121.576813,1434766210
31.25832,121.576813,1434766210
31.25832,121.576813,1434766210
31.25832,121.576813,1434766210
31.25832,121.576813,1434766210
31.25832,121.576813,1434766210
31.25832,121.576813,1434766210
31.25832,121.576813,1434766210
31.25832,121.576813,1434766210
31.25832,121.576813,1434766210
31.258324,121.576813,1434766210
31.258324,121.576813,1434766210
31.258324,121.576813,1434766210
31.258324,121.576813,1434766210
31.258327,121.576813,1434766210
31.258327,121.576813,1434766210
31.258327,121.576813,1434766210
31.258327,121.576813,1434766210
31.258324,121.576813,1434766210
31.258324,121.576813,1434766210
31.258324,121.576813,1434766210
31.258324,121.576813,1434766210
31.258324,121.576813,1434766210
31.258324,121.576813,1434766210
31.25832,121.576813,1434766210
31.25832,121.576813,1434766210
31.25832,121.576813,1434766210
31.25832,121.576813,1434766210
31.25832,121.576813,1434766210
31.258324,121.576813,1434766210
31.258324,121.576813,1434766210
31.258324,121.576813,1434766210
31.258327,121.576813,1434766210
31.258329,121.576813,1434766210
31.258354,121.576843,1434766210
31.258387,121.576866,1434766210
31.258436,121.576904,1434766210
31.258486,121.576958,1434766210
31.258533,121.577026,1434766210
31.258593,121.57708,1434766210
31.258654,121.577133,1434766210
31.258713,121.577202,1434766210
31.258774,121.577255,1434766210
31.258854,121.577316,1434766210
31.258926,121.577385,1434766210
31.259003,121.577469,1434766210
31.259083,121.57753,1434766210
31.259171,121.577629,1434766210
31.25926,121.577721,1434766210
31.259354,121.577797,1434766210
31.259453,121.577904,1434766210
31.259554,121.577988,1434766210
31.259661,121.578079,1434766210
31.259764,121.578171,1434766210
31.259853,121.578278,1434766210
31.259953,121.578384,1434766210
31.260059,121.578468,1434766210
31.260164,121.578575,1434766210
31.260267,121.578667,1434766210
31.260366,121.578743,1434766210
31.260468,121.578842,1434766210
31.260571,121.578949,1434766210
31.260666,121.579056,1434766210
31.26078,121.579147,1434766210
31.260887,121.579254,1434766210
31.260994,121.57933,1434766210
31.261106,121.57943,1434766210
31.261208,121.579521,1434766210
31.261312,121.579628,1434766210
31.261427,121.579735,1434766210
31.261539,121.579811,1434766210
31.261642,121.579918,1434766210
31.26174,121.580002,1434766210
31.261829,121.580078,1434766210
31.261913,121.580162,1434766210
31.261999,121.580238,1434766210
31.262077,121.580322,1434766210
31.26215,121.580383,1434766210
31.262217,121.580437,1434766210
31.262287,121.580505,1434766210
31.262363,121.580559,1434766210
31.262447,121.580627,1434766210
31.262533,121.580681,1434766210
31.262617,121.58075,1434766210
31.262707,121.580826,1434766210
31.2628,121.580894,1434766210
31.262897,121.580971,1434766210
31.263006,121.581055,1434766210
31.263109,121.581123,1434766210
31.263227,121.5812,1434766210
31.26334,121.581284,1434766210
31.26346,121.58136,1434766210
31.263584,121.581451,1434766210
31.263714,121.58152,1434766210
31.263849,121.581612,1434766210
31.263983,121.581696,1434766210
31.264124,121.581787,1434766210
31.264267,121.581863,1434766210
31.264406,121.581963,1434766210
31.264544,121.582016,1434766210
31.264681,121.582092,1434766210
31.264812,121.582161,1434766210
31.264946,121.582237,1434766210
31.265093,121.582306,1434766210
31.265226,121.58239,1434766210
31.26536,121.582451,1434766210
31.265493,121.58252,1434766210
31.265623,121.582588,1434766210
31.265753,121.582657,1434766210
31.265873,121.58271,1434766210
31.265993,121.582764,1434766210
31.2661,121.582802,1434766210
31.266197,121.58284,1434766210
31.266277,121.58287,1434766210
31.266354,121.582909,1434766210
31.266399,121.582916,1434766210
31.266434,121.582932,1434766210
31.266439,121.582932,1434766210
31.266438,121.582932,1434766210
31.266434,121.582916,1434766210
31.266426,121.582916,1434766210
31.26643,121.582916,1434766210
31.26643,121.582916,1434766210
31.26643,121.582916,1434766210
31.26643,121.582916,1434766210
31.26643,121.582916,1434766210
31.26643,121.582916,1434766210
31.26643,121.582916,1434766210
31.266426,121.582916,1434766210
31.266426,121.582916,1434766210
31.266426,121.582916,1434766210
31.266426,121.582916,1434766210
31.266426,121.582916,1434766210
31.266426,121.582916,1434766210
31.266426,121.582916,1434766210
31.266426,121.582916,1434766210
31.266426,121.582909,1434766210
31.266426,121.582909,1434766210
31.266424,121.582909,1434766210
31.266424,121.582909,1434766210
31.26642,121.582909,1434766210
31.26642,121.582909,1434766210
31.26642,121.582909,1434766210
31.26642,121.582909,1434766210
31.26642,121.582909,1434766210
31.26642,121.582909,1434766210
31.26642,121.582909,1434766210
31.26642,121.582909,1434766210
31.26642,121.582909,1434766210
31.26642,121.582909,1434766210
31.26642,121.582909,1434766210
31.26642,121.582909,1434766210
31.26642,121.582909,1434766210
31.26642,121.582909,1434766210
31.26642,121.582909,1434766210
31.26642,121.582909,1434766210
31.26642,121.582909,1434766210
31.26642,121.582909,1434766210
31.266417,121.582909,1434766210
31.266417,121.582909,1434766210
31.266417,121.582909,1434766210
31.266413,121.582909,1434766210
31.266413,121.582909,1434766210
31.266413,121.582909,1434766210
31.266417,121.582909,1434766210
31.266417,121.582909,1434766210
31.266417,121.582909,1434766210
31.26642,121.582909,1434766210
31.26642,121.582909,1434766210
31.26642,121.582909,1434766210
31.26642,121.582909,1434766210
31.26642,121.582909,1434766210
31.26642,121.582909,1434766210
31.26642,121.582909,1434766210
31.26642,121.582909,1434766210
31.26642,121.582909,1434766210
31.26642,121.582909,1434766210
31.26642,121.582909,1434766210
31.26642,121.582909,1434766210
31.26642,121.582909,1434766210
31.26642,121.582909,1434766210
31.26642,121.582909,1434766210
31.266424,121.582909,1434766210
31.26642,121.582909,1434766210
31.26642,121.582909,1434766210
31.266424,121.582909,1434766210
31.266426,121.582909,1434766210
31.266464,121.582932,1434766210
31.266516,121.582947,1434766210
31.266567,121.582962,1434766210
31.266623,121.58297,1434766210
31.26668,121.582985,1434766210
31.266747,121.583015,1434766210
31.266821,121.583023,1434766210
31.266907,121.583054,1434766210
31.266987,121.583069,1434766210
31.267073,121.583092,1434766210
31.267166,121.583107,1434766210
31.267263,121.58313,1434766210
31.267366,121.58316,1434766210
31.267477,121.583199,1434766210
31.267584,121.583237,1434766210
31.267696,121.583252,1434766210
31.26782,121.58329,1434766210
31.267937,121.583321,1434766210
31.268047,121.583344,1434766210
31.268167,121.583359,1434766210
31.26828,121.583389,1434766210
31.268404,121.583397,1434766210
31.268517,121.583427,1434766210
31.268641,121.583443,1434766210
31.268761,121.58345,1434766210
31.268873,121.583466,1434766210
31.268993,121.583466,1434766210
31.269119,121.583466,1434766210
31.269234,121.583481,1434766210
31.269363,121.583496,1434766210
31.269493,121.583504,1434766210
31.269623,121.583519,1434766210
31.269753,121.583519,1434766210
31.269884,121.583549,1434766210
31.270014,121.583549,1434766210
31.270136,121.583572,1434766210
31.270254,121.583572,1434766210
31.270367,121.583588,1434766210
31.270466,121.583588,1434766210
31.270573,121.583603,1434766210
31.270674,121.583611,1434766210
31.270773,121.583611,1434766210
31.270849,121.583626,1434766210
31.270933,121.583641,1434766210
31.271004,121.583656,1434766210
31.271053,121.583664,1434766210
31.271093,121.583679,1434766210
31.271126,121.583679,1434766210
31.271147,121.583679,1434766210
31.271139,121.583679,1434766210
31.271133,121.583694,1434766210
31.271124,121.583694,1434766210
31.271112,121.583679,1434766210
31.271111,121.583679,1434766210
31.271107,121.583679,1434766210
31.271107,121.583679,1434766210
31.271107,121.583679,1434766210
31.271107,121.583679,1434766210
31.271103,121.583679,1434766210
31.271107,121.583679,1434766210
31.271107,121.583679,1434766210
31.271107,121.583679,1434766210
31.271103,121.583679,1434766210
31.271099,121.583679,1434766210
31.271099,121.583679,1434766210
31.271099,121.583679,1434766210
31.271099,121.583679,1434766210
31.271099,121.583679,1434766210
31.271099,121.583679,1434766210
31.271099,121.583679,1434766210
